﻿Primary:,Description,
- id ,(Id of track generated by Spotify),
Numerical:,,
- acousticness ,(Ranges from 0 to 1),
- danceability ,(Ranges from 0 to 1),
- energy ,(Ranges from 0 to 1),
- duration_ms ,(Integer typically ranging from 200k to 300k),
- instrumentalness ,(Ranges from 0 to 1),
- valence ,(Ranges from 0 to 1),
- popularity ,(Ranges from 0 to 100),
- tempo ,(Float typically ranging from 50 to 150),
- liveness ,(Ranges from 0 to 1),
- loudness ,(Float typically ranging from -60 to 0),
- speechiness ,(Ranges from 0 to 1),
- year ,(Ranges from 1921 to 2020),
Dummy:,,
- mode ,"(0 = Minor, 1 = Major)",
- explicit ,"(0 = No explicit content, 1 = Explicit content)",
Categorical:,,
- key ,"(All keys on octave encoded as values ranging from 0 to 11, starting on C as 0, C# as 1 and so on…)",
- artists ,(List of artists mentioned),
- release_date ,"(Date of release mostly in yyyy-mm-dd format, however precision of date may vary)",
- name ,(Name of the song),
,,
,,
Model,Accuracy Score,Ranking
Logistic Regression,84%,1
Linear Regression,72%,2
Random Forest,64%,3
k-Nearest Neighbors,42%,4
,,
,,
Model,Hyperparameters,
Logistic Regression,C=5,
Linear Regression,N/A - Feature Selection,
Random Forest,"{'n_estimators': 200, 'min_samples_split': 2, 'min_samples_leaf': 4, 'max_depth': 10}",
k-Nearest Neighbors,{'n_neighbors': 5},
